Title,Description,Link,Media URL,Pinterest board,Publish date
Free 19 Addition Math Worksheet For Grade 1 | Printable Practice,Fun and engaging Addition worksheet for Grade 1. Perfect printable math practice.,https://mathworksheetkidscanvas.github.io/html/free-19-addition-math-worksheet-for-grade-1-1239.html,https://mathworksheetkidscanvas.github.io/images/free-19-addition-math-worksheet-for-grade-1-1239.jpg,Homeschool Math,03/17/2026 08:24:00 AM
Fun Count and Color Objects Worksheet for Grade 1,Help kids master Count and Color with this printable worksheet for Grade 1. Great for daily math practice.,https://mathworksheetkidscanvas.github.io/html/fun-count-and-color-objects-worksheet-for-grade-1-3803.html,https://mathworksheetkidscanvas.github.io/images/fun-count-and-color-objects-worksheet-for-grade-1-3803.jpg,Math Practice Printables,03/17/2026 11:00:00 AM
Free Counting Objects Worksheet For Kindergarten - Part 3 | Printable Practice,Printable Counting Objects worksheet designed for Kindergarten students. Easy and fun math practice.,https://mathworksheetkidscanvas.github.io/html/free-counting-objects-worksheet-for-kindergarten-part-3-5445.html,https://mathworksheetkidscanvas.github.io/images/free-counting-objects-worksheet-for-kindergarten-part-3-5445.jpg,Kids Math Worksheets,03/17/2026 01:28:00 PM
Free 30 Division Math Worksheet For Grade 2 With Answers - Part 4 | Printable Practice,Free printable Division worksheet for Grade 2. Perfect for homeschool practice and classroom activities.,https://mathworksheetkidscanvas.github.io/html/free-30-division-math-worksheet-for-grade-2-with-answers-part-4-4781.html,https://mathworksheetkidscanvas.github.io/images/free-30-division-math-worksheet-for-grade-2-with-answers-part-4-4781.jpg,Kids Math Worksheets,03/17/2026 04:24:00 PM
4 Math Quiz Practice Worksheet,Printable Math worksheet designed for Math students. Easy and fun math practice.,https://mathworksheetkidscanvas.github.io/html/4-math-quiz-practice-worksheet-1212.html,https://mathworksheetkidscanvas.github.io/images/4-math-quiz-practice-worksheet-1212.jpg,Printable Worksheets,03/17/2026 08:23:00 PM
Missing Number Math Worksheet,Free printable Missing Number worksheet for Grade 1. Perfect for homeschool practice and classroom activities.,https://mathworksheetkidscanvas.github.io/html/missing-number-math-worksheet-4631.html,https://mathworksheetkidscanvas.github.io/images/missing-number-math-worksheet-4631.jpg,Math Practice Printables,03/18/2026 08:28:00 AM
Mixed Operations Math Worksheet,Free printable Mixed Operations worksheet for Grade 3. Perfect for homeschool practice and classroom activities.,https://mathworksheetkidscanvas.github.io/html/mixed-operations-math-worksheet-1943.html,https://mathworksheetkidscanvas.github.io/images/mixed-operations-math-worksheet-1943.jpg,Math Practice Printables,03/18/2026 11:03:00 AM
Free 19 Multiplication Math Worksheet For Grade 1 With Answers - Part 8 | Printable Practice,Fun and engaging Multiplication worksheet for Grade 1. Perfect printable math practice.,https://mathworksheetkidscanvas.github.io/html/free-19-multiplication-math-worksheet-for-grade-1-with-answers-part-8-8415.html,https://mathworksheetkidscanvas.github.io/images/free-19-multiplication-math-worksheet-for-grade-1-with-answers-part-8-8415.jpg,Printable Worksheets,03/18/2026 01:30:00 PM
Printable Free 12 Subtraction Math Worksheet For Grade 5 - Part 9 | Printable Practice,Free printable Subtraction worksheet for Grade 5. Perfect for homeschool practice and classroom activities.,https://mathworksheetkidscanvas.github.io/html/printable-free-12-subtraction-math-worksheet-for-grade-5-part-9-4951.html,https://mathworksheetkidscanvas.github.io/images/printable-free-12-subtraction-math-worksheet-for-grade-5-part-9-4951.jpg,Elementary Math Activities,03/18/2026 04:23:00 PM
Grade 3 Multiplication Table 9 Practice - Part 10 | Printable Practice,Free printable Times Table worksheet for Grade 3. Perfect for homeschool practice and classroom activities.,https://mathworksheetkidscanvas.github.io/html/grade-3-multiplication-table-9-practice-part-10-9270.html,https://mathworksheetkidscanvas.github.io/images/grade-3-multiplication-table-9-practice-part-10-9270.jpg,Homeschool Math,03/18/2026 08:24:00 PM
Printable Tracing Worksheet For Kids - Part 11 | Free Printable,Free printable Tracing worksheet for Preschool. Perfect for homeschool practice and classroom activities.,https://mathworksheetkidscanvas.github.io/html/printable-tracing-worksheet-for-kids-part-11-1163.html,https://mathworksheetkidscanvas.github.io/images/printable-tracing-worksheet-for-kids-part-11-1163.jpg,Math Practice Printables,03/19/2026 08:38:00 AM
Math Word Problem Worksheet,Free printable Word Problem worksheet for Grade 3. Perfect for homeschool practice and classroom activities.,https://mathworksheetkidscanvas.github.io/html/math-word-problem-worksheet-5704.html,https://mathworksheetkidscanvas.github.io/images/math-word-problem-worksheet-5704.jpg,Elementary Math Activities,03/19/2026 11:00:00 AM
Free 12 Addition Math Worksheet For Grade 5 - Part 13 | Printable Practice,Fun and engaging Addition worksheet for Grade 5. Perfect printable math practice.,https://mathworksheetkidscanvas.github.io/html/free-12-addition-math-worksheet-for-grade-5-part-13-6407.html,https://mathworksheetkidscanvas.github.io/images/free-12-addition-math-worksheet-for-grade-5-part-13-6407.jpg,Homeschool Math,03/19/2026 01:36:00 PM
5 Free Count and Color Worksheets for Preschool,Teachers and parents love this Count and Color worksheet for Preschool. Download and print instantly.,https://mathworksheetkidscanvas.github.io/html/5-free-count-and-color-worksheets-for-preschool-3667.html,https://mathworksheetkidscanvas.github.io/images/5-free-count-and-color-worksheets-for-preschool-3667.jpg,Elementary Math Activities,03/19/2026 04:23:00 PM
Pre-K Count The Objects Worksheet - Part 15 | Printable Practice,Printable Counting Objects worksheet designed for Pre-K students. Easy and fun math practice.,https://mathworksheetkidscanvas.github.io/html/pre-k-count-the-objects-worksheet-part-15-9127.html,https://mathworksheetkidscanvas.github.io/images/pre-k-count-the-objects-worksheet-part-15-9127.jpg,Math Practice Printables,03/19/2026 08:38:00 PM
Free 16 Division Math Worksheet For Grade 1 With Answers - Part 16 | Printable Practice,Free printable Division worksheet for Grade 1. Perfect for homeschool practice and classroom activities.,https://mathworksheetkidscanvas.github.io/html/free-16-division-math-worksheet-for-grade-1-with-answers-part-16-8013.html,https://mathworksheetkidscanvas.github.io/images/free-16-division-math-worksheet-for-grade-1-with-answers-part-16-8013.jpg,Math Practice Printables,03/20/2026 08:32:00 AM
4 General Math Quiz Practice Worksheet,Printable Math worksheet designed for Math students. Easy and fun math practice.,https://mathworksheetkidscanvas.github.io/html/4-general-math-quiz-practice-worksheet-1487.html,https://mathworksheetkidscanvas.github.io/images/4-general-math-quiz-practice-worksheet-1487.jpg,Kids Math Worksheets,03/20/2026 11:00:00 AM
Missing Number Math Worksheet,Teachers and parents love this Missing Number worksheet for Grade 1. Download and print instantly.,https://mathworksheetkidscanvas.github.io/html/missing-number-math-worksheet-4863.html,https://mathworksheetkidscanvas.github.io/images/missing-number-math-worksheet-4863.jpg,Kids Math Worksheets,03/20/2026 01:36:00 PM
Mixed Operations Math Worksheet,Printable Mixed Operations worksheet designed for Grade 3 students. Easy and fun math practice.,https://mathworksheetkidscanvas.github.io/html/mixed-operations-math-worksheet-6460.html,https://mathworksheetkidscanvas.github.io/images/mixed-operations-math-worksheet-6460.jpg,Printable Worksheets,03/20/2026 04:26:00 PM
Grade 2 Multiplication Practice Worksheet (27 Problems) - Part 20 | Printable Practice,Teachers and parents love this Multiplication worksheet for Grade 2. Download and print instantly.,https://mathworksheetkidscanvas.github.io/html/grade-2-multiplication-practice-worksheet-27-problems-part-20-1386.html,https://mathworksheetkidscanvas.github.io/images/grade-2-multiplication-practice-worksheet-27-problems-part-20-1386.jpg,Homeschool Math,03/20/2026 08:25:00 PM
Free 23 Subtraction Math Worksheet For Grade 3 With Answers - Part 21 | Printable Practice,Help kids master Subtraction with this printable worksheet for Grade 3. Great for daily math practice.,https://mathworksheetkidscanvas.github.io/html/free-23-subtraction-math-worksheet-for-grade-3-with-answers-part-21-8357.html,https://mathworksheetkidscanvas.github.io/images/free-23-subtraction-math-worksheet-for-grade-3-with-answers-part-21-8357.jpg,Homeschool Math,03/21/2026 08:26:00 AM
10 Times Table Worksheet For Grade 3 - Part 22 | Printable Practice,Free printable Times Table worksheet for Grade 3. Perfect for homeschool practice and classroom activities.,https://mathworksheetkidscanvas.github.io/html/10-times-table-worksheet-for-grade-3-part-22-8613.html,https://mathworksheetkidscanvas.github.io/images/10-times-table-worksheet-for-grade-3-part-22-8613.jpg,Kids Math Worksheets,03/21/2026 11:00:00 AM
Printable Tracing Worksheet For Kids - Part 23 | Free Printable,Help kids master Tracing with this printable worksheet for Kindergarten. Great for daily math practice.,https://mathworksheetkidscanvas.github.io/html/printable-tracing-worksheet-for-kids-part-23-9941.html,https://mathworksheetkidscanvas.github.io/images/printable-tracing-worksheet-for-kids-part-23-9941.jpg,Homeschool Math,03/21/2026 01:22:00 PM
Math Word Problem Worksheet,Teachers and parents love this Word Problem worksheet for Grade 3. Download and print instantly.,https://mathworksheetkidscanvas.github.io/html/math-word-problem-worksheet-5819.html,https://mathworksheetkidscanvas.github.io/images/math-word-problem-worksheet-5819.jpg,Homeschool Math,03/21/2026 04:29:00 PM
Free 12 Addition Math Worksheet For Grade 1 With Answers - Part 25 | Printable Practice,Free printable Addition worksheet for Grade 1. Perfect for homeschool practice and classroom activities.,https://mathworksheetkidscanvas.github.io/html/free-12-addition-math-worksheet-for-grade-1-with-answers-part-25-3378.html,https://mathworksheetkidscanvas.github.io/images/free-12-addition-math-worksheet-for-grade-1-with-answers-part-25-3378.jpg,Math Practice Printables,03/21/2026 08:27:00 PM
Fun Count and Color Objects Worksheet for Grade 1,Help kids master Count and Color with this printable worksheet for Grade 1. Great for daily math practice.,https://mathworksheetkidscanvas.github.io/html/fun-count-and-color-objects-worksheet-for-grade-1-2848.html,https://mathworksheetkidscanvas.github.io/images/fun-count-and-color-objects-worksheet-for-grade-1-2848.jpg,Math Practice Printables,03/22/2026 08:26:00 AM
Free Counting Objects Worksheet For Pre-K - Part 27 | Printable Practice,Teachers and parents love this Counting Objects worksheet for Pre-K. Download and print instantly.,https://mathworksheetkidscanvas.github.io/html/free-counting-objects-worksheet-for-pre-k-part-27-1758.html,https://mathworksheetkidscanvas.github.io/images/free-counting-objects-worksheet-for-pre-k-part-27-1758.jpg,Homeschool Math,03/22/2026 11:06:00 AM
Printable Free 17 Division Math Worksheet For Grade 2 - Part 28 | Printable Practice,Free printable Division worksheet for Grade 2. Perfect for homeschool practice and classroom activities.,https://mathworksheetkidscanvas.github.io/html/printable-free-17-division-math-worksheet-for-grade-2-part-28-4700.html,https://mathworksheetkidscanvas.github.io/images/printable-free-17-division-math-worksheet-for-grade-2-part-28-4700.jpg,Printable Worksheets,03/22/2026 01:28:00 PM
Free Printable Mathematics Quiz Worksheet for Teens,Printable Math worksheet designed for Math students. Easy and fun math practice.,https://mathworksheetkidscanvas.github.io/html/free-printable-mathematics-quiz-worksheet-for-teens-6984.html,https://mathworksheetkidscanvas.github.io/images/free-printable-mathematics-quiz-worksheet-for-teens-6984.jpg,Math Practice Printables,03/22/2026 04:22:00 PM
Missing Number Math Worksheet,Fun and engaging Missing Number worksheet for Grade 1. Perfect printable math practice.,https://mathworksheetkidscanvas.github.io/html/missing-number-math-worksheet-2625.html,https://mathworksheetkidscanvas.github.io/images/missing-number-math-worksheet-2625.jpg,Math Practice Printables,03/22/2026 08:23:00 PM
Mixed Operations Math Worksheet,Free printable Mixed Operations worksheet for Grade 3. Perfect for homeschool practice and classroom activities.,https://mathworksheetkidscanvas.github.io/html/mixed-operations-math-worksheet-2418.html,https://mathworksheetkidscanvas.github.io/images/mixed-operations-math-worksheet-2418.jpg,Kids Math Worksheets,03/23/2026 08:31:00 AM
Grade 2 Multiplication Practice Worksheet (17 Problems) - Part 32 | Printable Practice,Help kids master Multiplication with this printable worksheet for Grade 2. Great for daily math practice.,https://mathworksheetkidscanvas.github.io/html/grade-2-multiplication-practice-worksheet-17-problems-part-32-8559.html,https://mathworksheetkidscanvas.github.io/images/grade-2-multiplication-practice-worksheet-17-problems-part-32-8559.jpg,Printable Worksheets,03/23/2026 11:02:00 AM
Free 25 Subtraction Math Worksheet For Grade 3 - Part 33 | Printable Practice,Free printable Subtraction worksheet for Grade 3. Perfect for homeschool practice and classroom activities.,https://mathworksheetkidscanvas.github.io/html/free-25-subtraction-math-worksheet-for-grade-3-part-33-1314.html,https://mathworksheetkidscanvas.github.io/images/free-25-subtraction-math-worksheet-for-grade-3-part-33-1314.jpg,Math Practice Printables,03/23/2026 01:34:00 PM
Grade 4 Multiplication Table 12 Practice - Part 34 | Printable Practice,Free printable Times Table worksheet for Grade 4. Perfect for homeschool practice and classroom activities.,https://mathworksheetkidscanvas.github.io/html/grade-4-multiplication-table-12-practice-part-34-5464.html,https://mathworksheetkidscanvas.github.io/images/grade-4-multiplication-table-12-practice-part-34-5464.jpg,Math Practice Printables,03/23/2026 04:30:00 PM
Printable Tracing Worksheet For Kids - Part 35 | Free Printable,Printable Tracing worksheet designed for Preschool students. Easy and fun math practice.,https://mathworksheetkidscanvas.github.io/html/printable-tracing-worksheet-for-kids-part-35-2326.html,https://mathworksheetkidscanvas.github.io/images/printable-tracing-worksheet-for-kids-part-35-2326.jpg,Kids Math Worksheets,03/23/2026 08:31:00 PM
Math Word Problem Worksheet,Printable Word Problem worksheet designed for Grade 3 students. Easy and fun math practice.,https://mathworksheetkidscanvas.github.io/html/math-word-problem-worksheet-6811.html,https://mathworksheetkidscanvas.github.io/images/math-word-problem-worksheet-6811.jpg,Kids Math Worksheets,03/24/2026 08:23:00 AM
Free 22 Addition Math Worksheet For Grade 1 - Part 37 | Printable Practice,Free printable Addition worksheet for Grade 1. Perfect for homeschool practice and classroom activities.,https://mathworksheetkidscanvas.github.io/html/free-22-addition-math-worksheet-for-grade-1-part-37-8792.html,https://mathworksheetkidscanvas.github.io/images/free-22-addition-math-worksheet-for-grade-1-part-37-8792.jpg,Math Practice Printables,03/24/2026 11:00:00 AM
"Count and Color Triangle, Car, Flower Worksheet for Kids",Fun and engaging Count and Color worksheet for Grade 1. Perfect printable math practice.,https://mathworksheetkidscanvas.github.io/html/count-and-color-triangle-car-flower-worksheet-for-kids-6993.html,https://mathworksheetkidscanvas.github.io/images/count-and-color-triangle-car-flower-worksheet-for-kids-6993.jpg,Homeschool Math,03/24/2026 01:33:00 PM
Pre-K Count The Objects Worksheet - Part 39 | Printable Practice,Fun and engaging Counting Objects worksheet for Pre-K. Perfect printable math practice.,https://mathworksheetkidscanvas.github.io/html/pre-k-count-the-objects-worksheet-part-39-9897.html,https://mathworksheetkidscanvas.github.io/images/pre-k-count-the-objects-worksheet-part-39-9897.jpg,Elementary Math Activities,03/24/2026 04:23:00 PM
Free 14 Division Math Worksheet For Grade 1 - Part 40 | Printable Practice,Printable Division worksheet designed for Grade 1 students. Easy and fun math practice.,https://mathworksheetkidscanvas.github.io/html/free-14-division-math-worksheet-for-grade-1-part-40-8382.html,https://mathworksheetkidscanvas.github.io/images/free-14-division-math-worksheet-for-grade-1-part-40-8382.jpg,Math Practice Printables,03/24/2026 08:35:00 PM
4 Mathematics Practice Worksheet,Free printable Math worksheet for Math. Perfect for homeschool practice and classroom activities.,https://mathworksheetkidscanvas.github.io/html/4-mathematics-practice-worksheet-6456.html,https://mathworksheetkidscanvas.github.io/images/4-mathematics-practice-worksheet-6456.jpg,Math Practice Printables,03/25/2026 08:36:00 AM
Missing Number Math Worksheet,Fun and engaging Missing Number worksheet for Grade 1. Perfect printable math practice.,https://mathworksheetkidscanvas.github.io/html/missing-number-math-worksheet-5380.html,https://mathworksheetkidscanvas.github.io/images/missing-number-math-worksheet-5380.jpg,Math Practice Printables,03/25/2026 11:08:00 AM
Mixed Operations Math Worksheet,Teachers and parents love this Mixed Operations worksheet for Grade 3. Download and print instantly.,https://mathworksheetkidscanvas.github.io/html/mixed-operations-math-worksheet-9204.html,https://mathworksheetkidscanvas.github.io/images/mixed-operations-math-worksheet-9204.jpg,Homeschool Math,03/25/2026 01:27:00 PM
Printable Free 12 Multiplication Math Worksheet For Grade 2 - Part 44 | Printable Practice,Help kids master Multiplication with this printable worksheet for Grade 2. Great for daily math practice.,https://mathworksheetkidscanvas.github.io/html/printable-free-12-multiplication-math-worksheet-for-grade-2-part-44-8274.html,https://mathworksheetkidscanvas.github.io/images/printable-free-12-multiplication-math-worksheet-for-grade-2-part-44-8274.jpg,Homeschool Math,03/25/2026 04:23:00 PM
Printable Free 14 Subtraction Math Worksheet For Grade 2 - Part 45 | Printable Practice,Help kids master Subtraction with this printable worksheet for Grade 2. Great for daily math practice.,https://mathworksheetkidscanvas.github.io/html/printable-free-14-subtraction-math-worksheet-for-grade-2-part-45-2434.html,https://mathworksheetkidscanvas.github.io/images/printable-free-14-subtraction-math-worksheet-for-grade-2-part-45-2434.jpg,Math Practice Printables,03/25/2026 08:32:00 PM
Printable 11 Times Table Worksheet For Grade 4 - Part 46 | Printable Practice,Teachers and parents love this Times Table worksheet for Grade 4. Download and print instantly.,https://mathworksheetkidscanvas.github.io/html/printable-11-times-table-worksheet-for-grade-4-part-46-8720.html,https://mathworksheetkidscanvas.github.io/images/printable-11-times-table-worksheet-for-grade-4-part-46-8720.jpg,Homeschool Math,03/26/2026 08:31:00 AM
Printable Tracing Worksheet For Kids - Part 47 | Free Printable,Teachers and parents love this Tracing worksheet for Kindergarten. Download and print instantly.,https://mathworksheetkidscanvas.github.io/html/printable-tracing-worksheet-for-kids-part-47-7885.html,https://mathworksheetkidscanvas.github.io/images/printable-tracing-worksheet-for-kids-part-47-7885.jpg,Kids Math Worksheets,03/26/2026 11:05:00 AM
Math Word Problem Worksheet,Teachers and parents love this Word Problem worksheet for Grade 3. Download and print instantly.,https://mathworksheetkidscanvas.github.io/html/math-word-problem-worksheet-6017.html,https://mathworksheetkidscanvas.github.io/images/math-word-problem-worksheet-6017.jpg,Elementary Math Activities,03/26/2026 01:24:00 PM
Printable Free 25 Addition Math Worksheet For Grade 3 - Part 49 | Printable Practice,Help kids master Addition with this printable worksheet for Grade 3. Great for daily math practice.,https://mathworksheetkidscanvas.github.io/html/printable-free-25-addition-math-worksheet-for-grade-3-part-49-5601.html,https://mathworksheetkidscanvas.github.io/images/printable-free-25-addition-math-worksheet-for-grade-3-part-49-5601.jpg,Kids Math Worksheets,03/26/2026 04:31:00 PM
Printable Count and Color Worksheet for Preschool Kids,Help kids master Count and Color with this printable worksheet for Preschool. Great for daily math practice.,https://mathworksheetkidscanvas.github.io/html/printable-count-and-color-worksheet-for-preschool-kids-8668.html,https://mathworksheetkidscanvas.github.io/images/printable-count-and-color-worksheet-for-preschool-kids-8668.jpg,Homeschool Math,03/26/2026 08:35:00 PM
Pre-K Count The Objects Worksheet - Part 51 | Printable Practice,Free printable Counting Objects worksheet for Pre-K. Perfect for homeschool practice and classroom activities.,https://mathworksheetkidscanvas.github.io/html/pre-k-count-the-objects-worksheet-part-51-1953.html,https://mathworksheetkidscanvas.github.io/images/pre-k-count-the-objects-worksheet-part-51-1953.jpg,Math Practice Printables,03/27/2026 08:34:00 AM
Free 15 Division Math Worksheet For Grade 2 - Part 52 | Printable Practice,Teachers and parents love this Division worksheet for Grade 2. Download and print instantly.,https://mathworksheetkidscanvas.github.io/html/free-15-division-math-worksheet-for-grade-2-part-52-9443.html,https://mathworksheetkidscanvas.github.io/images/free-15-division-math-worksheet-for-grade-2-part-52-9443.jpg,Math Practice Printables,03/27/2026 11:00:00 AM
Practice Math Trivia Worksheet (4 Questions),Printable Math worksheet designed for Math students. Easy and fun math practice.,https://mathworksheetkidscanvas.github.io/html/practice-math-trivia-worksheet-4-questions-1600.html,https://mathworksheetkidscanvas.github.io/images/practice-math-trivia-worksheet-4-questions-1600.jpg,Printable Worksheets,03/27/2026 01:28:00 PM
Missing Number Math Worksheet,Teachers and parents love this Missing Number worksheet for Grade 1. Download and print instantly.,https://mathworksheetkidscanvas.github.io/html/missing-number-math-worksheet-7358.html,https://mathworksheetkidscanvas.github.io/images/missing-number-math-worksheet-7358.jpg,Kids Math Worksheets,03/27/2026 04:34:00 PM
Mixed Operations Math Worksheet,Teachers and parents love this Mixed Operations worksheet for Grade 3. Download and print instantly.,https://mathworksheetkidscanvas.github.io/html/mixed-operations-math-worksheet-1789.html,https://mathworksheetkidscanvas.github.io/images/mixed-operations-math-worksheet-1789.jpg,Math Practice Printables,03/27/2026 08:30:00 PM
Free 16 Multiplication Math Worksheet For Grade 2 - Part 56 | Printable Practice,Printable Multiplication worksheet designed for Grade 2 students. Easy and fun math practice.,https://mathworksheetkidscanvas.github.io/html/free-16-multiplication-math-worksheet-for-grade-2-part-56-5799.html,https://mathworksheetkidscanvas.github.io/images/free-16-multiplication-math-worksheet-for-grade-2-part-56-5799.jpg,Elementary Math Activities,03/28/2026 08:30:00 AM
Printable Free 12 Subtraction Math Worksheet For Grade 3 - Part 57 | Printable Practice,Free printable Subtraction worksheet for Grade 3. Perfect for homeschool practice and classroom activities.,https://mathworksheetkidscanvas.github.io/html/printable-free-12-subtraction-math-worksheet-for-grade-3-part-57-2240.html,https://mathworksheetkidscanvas.github.io/images/printable-free-12-subtraction-math-worksheet-for-grade-3-part-57-2240.jpg,Kids Math Worksheets,03/28/2026 11:08:00 AM
12 Times Table Worksheet For Grade 4 - Part 58 | Printable Practice,Free printable Times Table worksheet for Grade 4. Perfect for homeschool practice and classroom activities.,https://mathworksheetkidscanvas.github.io/html/12-times-table-worksheet-for-grade-4-part-58-8499.html,https://mathworksheetkidscanvas.github.io/images/12-times-table-worksheet-for-grade-4-part-58-8499.jpg,Printable Worksheets,03/28/2026 01:22:00 PM
Printable Tracing Worksheet For Kids - Part 59 | Free Printable,Teachers and parents love this Tracing worksheet for Preschool. Download and print instantly.,https://mathworksheetkidscanvas.github.io/html/printable-tracing-worksheet-for-kids-part-59-9782.html,https://mathworksheetkidscanvas.github.io/images/printable-tracing-worksheet-for-kids-part-59-9782.jpg,Homeschool Math,03/28/2026 04:31:00 PM
Math Word Problem Worksheet,Printable Word Problem worksheet designed for Grade 3 students. Easy and fun math practice.,https://mathworksheetkidscanvas.github.io/html/math-word-problem-worksheet-9626.html,https://mathworksheetkidscanvas.github.io/images/math-word-problem-worksheet-9626.jpg,Kids Math Worksheets,03/28/2026 08:36:00 PM
Free 21 Addition Math Worksheet For Grade 1 With Answers - Part 61 | Printable Practice,Free printable Addition worksheet for Grade 1. Perfect for homeschool practice and classroom activities.,https://mathworksheetkidscanvas.github.io/html/free-21-addition-math-worksheet-for-grade-1-with-answers-part-61-4589.html,https://mathworksheetkidscanvas.github.io/images/free-21-addition-math-worksheet-for-grade-1-with-answers-part-61-4589.jpg,Homeschool Math,03/29/2026 08:37:00 AM
Kindergarten Count and Color Shapes Worksheet,Free printable Count and Color worksheet for Kindergarten. Perfect for homeschool practice and classroom activities.,https://mathworksheetkidscanvas.github.io/html/kindergarten-count-and-color-shapes-worksheet-1425.html,https://mathworksheetkidscanvas.github.io/images/kindergarten-count-and-color-shapes-worksheet-1425.jpg,Homeschool Math,03/29/2026 11:00:00 AM
Free Counting Objects Worksheet For Pre-K Printable - Part 63 | Printable Practice,Printable Counting Objects worksheet designed for Pre-K students. Easy and fun math practice.,https://mathworksheetkidscanvas.github.io/html/free-counting-objects-worksheet-for-pre-k-printable-part-63-4635.html,https://mathworksheetkidscanvas.github.io/images/free-counting-objects-worksheet-for-pre-k-printable-part-63-4635.jpg,Kids Math Worksheets,03/29/2026 01:26:00 PM
Printable Free 12 Division Math Worksheet For Grade 1 - Part 64 | Printable Practice,Printable Division worksheet designed for Grade 1 students. Easy and fun math practice.,https://mathworksheetkidscanvas.github.io/html/printable-free-12-division-math-worksheet-for-grade-1-part-64-3500.html,https://mathworksheetkidscanvas.github.io/images/printable-free-12-division-math-worksheet-for-grade-1-part-64-3500.jpg,Math Practice Printables,03/29/2026 04:27:00 PM
Practice Math Skill Test for Students (8 Questions),Printable Math worksheet designed for Math students. Easy and fun math practice.,https://mathworksheetkidscanvas.github.io/html/practice-math-skill-test-for-students-8-questions-3728.html,https://mathworksheetkidscanvas.github.io/images/practice-math-skill-test-for-students-8-questions-3728.jpg,Math Practice Printables,03/29/2026 08:37:00 PM
Missing Number Math Worksheet,Help kids master Missing Number with this printable worksheet for Grade 1. Great for daily math practice.,https://mathworksheetkidscanvas.github.io/html/missing-number-math-worksheet-8579.html,https://mathworksheetkidscanvas.github.io/images/missing-number-math-worksheet-8579.jpg,Homeschool Math,03/30/2026 08:25:00 AM
Mixed Operations Math Worksheet,Teachers and parents love this Mixed Operations worksheet for Grade 3. Download and print instantly.,https://mathworksheetkidscanvas.github.io/html/mixed-operations-math-worksheet-5616.html,https://mathworksheetkidscanvas.github.io/images/mixed-operations-math-worksheet-5616.jpg,Printable Worksheets,03/30/2026 11:08:00 AM
Free 19 Multiplication Math Worksheet For Grade 1 - Part 68 | Printable Practice,Teachers and parents love this Multiplication worksheet for Grade 1. Download and print instantly.,https://mathworksheetkidscanvas.github.io/html/free-19-multiplication-math-worksheet-for-grade-1-part-68-1016.html,https://mathworksheetkidscanvas.github.io/images/free-19-multiplication-math-worksheet-for-grade-1-part-68-1016.jpg,Kids Math Worksheets,03/30/2026 01:30:00 PM
Free 28 Subtraction Math Worksheet For Grade 3 With Answers - Part 69 | Printable Practice,Printable Subtraction worksheet designed for Grade 3 students. Easy and fun math practice.,https://mathworksheetkidscanvas.github.io/html/free-28-subtraction-math-worksheet-for-grade-3-with-answers-part-69-2694.html,https://mathworksheetkidscanvas.github.io/images/free-28-subtraction-math-worksheet-for-grade-3-with-answers-part-69-2694.jpg,Homeschool Math,03/30/2026 04:27:00 PM
4 Times Table Worksheet For Grade 2 - Part 70 | Printable Practice,Fun and engaging Times Table worksheet for Grade 2. Perfect printable math practice.,https://mathworksheetkidscanvas.github.io/html/4-times-table-worksheet-for-grade-2-part-70-2744.html,https://mathworksheetkidscanvas.github.io/images/4-times-table-worksheet-for-grade-2-part-70-2744.jpg,Homeschool Math,03/30/2026 08:22:00 PM
Printable Tracing Worksheet For Kids - Part 71 | Free Printable,Teachers and parents love this Tracing worksheet for Kindergarten. Download and print instantly.,https://mathworksheetkidscanvas.github.io/html/printable-tracing-worksheet-for-kids-part-71-1558.html,https://mathworksheetkidscanvas.github.io/images/printable-tracing-worksheet-for-kids-part-71-1558.jpg,Homeschool Math,03/31/2026 08:37:00 AM
Math Word Problem Worksheet,Fun and engaging Word Problem worksheet for Grade 3. Perfect printable math practice.,https://mathworksheetkidscanvas.github.io/html/math-word-problem-worksheet-6469.html,https://mathworksheetkidscanvas.github.io/images/math-word-problem-worksheet-6469.jpg,Homeschool Math,03/31/2026 11:00:00 AM
Printable Free 14 Addition Math Worksheet For Grade 3 - Part 73 | Printable Practice,Printable Addition worksheet designed for Grade 3 students. Easy and fun math practice.,https://mathworksheetkidscanvas.github.io/html/printable-free-14-addition-math-worksheet-for-grade-3-part-73-6257.html,https://mathworksheetkidscanvas.github.io/images/printable-free-14-addition-math-worksheet-for-grade-3-part-73-6257.jpg,Kids Math Worksheets,03/31/2026 01:30:00 PM
Fun Count and Color Objects Worksheet for Kindergarten,Free printable Count and Color worksheet for Kindergarten. Perfect for homeschool practice and classroom activities.,https://mathworksheetkidscanvas.github.io/html/fun-count-and-color-objects-worksheet-for-kindergarten-2064.html,https://mathworksheetkidscanvas.github.io/images/fun-count-and-color-objects-worksheet-for-kindergarten-2064.jpg,Kids Math Worksheets,03/31/2026 04:38:00 PM
Free Counting Objects Worksheet For Kindergarten Printable - Part 75 | Printable Practice,Help kids master Counting Objects with this printable worksheet for Kindergarten. Great for daily math practice.,https://mathworksheetkidscanvas.github.io/html/free-counting-objects-worksheet-for-kindergarten-printable-part-75-2225.html,https://mathworksheetkidscanvas.github.io/images/free-counting-objects-worksheet-for-kindergarten-printable-part-75-2225.jpg,Math Practice Printables,03/31/2026 08:33:00 PM
Free 20 Division Math Worksheet For Grade 2 With Answers - Part 76 | Printable Practice,Printable Division worksheet designed for Grade 2 students. Easy and fun math practice.,https://mathworksheetkidscanvas.github.io/html/free-20-division-math-worksheet-for-grade-2-with-answers-part-76-8428.html,https://mathworksheetkidscanvas.github.io/images/free-20-division-math-worksheet-for-grade-2-with-answers-part-76-8428.jpg,Homeschool Math,04/01/2026 08:22:00 AM
Challenging Mathematics Quiz Worksheet (4 Questions),Free printable Math worksheet for Math. Perfect for homeschool practice and classroom activities.,https://mathworksheetkidscanvas.github.io/html/challenging-mathematics-quiz-worksheet-4-questions-6232.html,https://mathworksheetkidscanvas.github.io/images/challenging-mathematics-quiz-worksheet-4-questions-6232.jpg,Kids Math Worksheets,04/01/2026 11:00:00 AM
Missing Number Math Worksheet,Help kids master Missing Number with this printable worksheet for Grade 1. Great for daily math practice.,https://mathworksheetkidscanvas.github.io/html/missing-number-math-worksheet-6382.html,https://mathworksheetkidscanvas.github.io/images/missing-number-math-worksheet-6382.jpg,Homeschool Math,04/01/2026 01:37:00 PM
Mixed Operations Math Worksheet,Teachers and parents love this Mixed Operations worksheet for Grade 3. Download and print instantly.,https://mathworksheetkidscanvas.github.io/html/mixed-operations-math-worksheet-6577.html,https://mathworksheetkidscanvas.github.io/images/mixed-operations-math-worksheet-6577.jpg,Homeschool Math,04/01/2026 04:31:00 PM
Grade 2 Multiplication Practice Worksheet (18 Problems) - Part 80 | Printable Practice,Free printable Multiplication worksheet for Grade 2. Perfect for homeschool practice and classroom activities.,https://mathworksheetkidscanvas.github.io/html/grade-2-multiplication-practice-worksheet-18-problems-part-80-5743.html,https://mathworksheetkidscanvas.github.io/images/grade-2-multiplication-practice-worksheet-18-problems-part-80-5743.jpg,Kids Math Worksheets,04/01/2026 08:23:00 PM
Printable Free 19 Subtraction Math Worksheet For Grade 5 - Part 81 | Printable Practice,Printable Subtraction worksheet designed for Grade 5 students. Easy and fun math practice.,https://mathworksheetkidscanvas.github.io/html/printable-free-19-subtraction-math-worksheet-for-grade-5-part-81-8400.html,https://mathworksheetkidscanvas.github.io/images/printable-free-19-subtraction-math-worksheet-for-grade-5-part-81-8400.jpg,Homeschool Math,04/02/2026 08:30:00 AM
Printable 5 Times Table Worksheet For Grade 2 - Part 82 | Printable Practice,Fun and engaging Times Table worksheet for Grade 2. Perfect printable math practice.,https://mathworksheetkidscanvas.github.io/html/printable-5-times-table-worksheet-for-grade-2-part-82-4990.html,https://mathworksheetkidscanvas.github.io/images/printable-5-times-table-worksheet-for-grade-2-part-82-4990.jpg,Homeschool Math,04/02/2026 11:03:00 AM
Printable Tracing Worksheet For Kids - Part 83 | Free Printable,Printable Tracing worksheet designed for Preschool students. Easy and fun math practice.,https://mathworksheetkidscanvas.github.io/html/printable-tracing-worksheet-for-kids-part-83-2550.html,https://mathworksheetkidscanvas.github.io/images/printable-tracing-worksheet-for-kids-part-83-2550.jpg,Kids Math Worksheets,04/02/2026 01:37:00 PM
Math Word Problem Worksheet,Fun and engaging Word Problem worksheet for Grade 3. Perfect printable math practice.,https://mathworksheetkidscanvas.github.io/html/math-word-problem-worksheet-4404.html,https://mathworksheetkidscanvas.github.io/images/math-word-problem-worksheet-4404.jpg,Homeschool Math,04/02/2026 04:27:00 PM
Grade 5 Addition Practice Worksheet (24 Problems) - Part 85 | Printable Practice,Teachers and parents love this Addition worksheet for Grade 5. Download and print instantly.,https://mathworksheetkidscanvas.github.io/html/grade-5-addition-practice-worksheet-24-problems-part-85-8561.html,https://mathworksheetkidscanvas.github.io/images/grade-5-addition-practice-worksheet-24-problems-part-85-8561.jpg,Math Practice Printables,04/02/2026 08:36:00 PM
Free Grade 1 Count and Color Worksheet,Help kids master Count and Color with this printable worksheet for Grade 1. Great for daily math practice.,https://mathworksheetkidscanvas.github.io/html/free-grade-1-count-and-color-worksheet-3740.html,https://mathworksheetkidscanvas.github.io/images/free-grade-1-count-and-color-worksheet-3740.jpg,Printable Worksheets,04/03/2026 08:25:00 AM
Learn Counting With Pictures Worksheet (Kindergarten) - Part 87 | Printable Practice,Teachers and parents love this Counting Objects worksheet for Kindergarten. Download and print instantly.,https://mathworksheetkidscanvas.github.io/html/learn-counting-with-pictures-worksheet-kindergarten-part-87-9508.html,https://mathworksheetkidscanvas.github.io/images/learn-counting-with-pictures-worksheet-kindergarten-part-87-9508.jpg,Kids Math Worksheets,04/03/2026 11:00:00 AM
Free 30 Division Math Worksheet For Grade 1 With Answers - Part 88 | Printable Practice,Printable Division worksheet designed for Grade 1 students. Easy and fun math practice.,https://mathworksheetkidscanvas.github.io/html/free-30-division-math-worksheet-for-grade-1-with-answers-part-88-8115.html,https://mathworksheetkidscanvas.github.io/images/free-30-division-math-worksheet-for-grade-1-with-answers-part-88-8115.jpg,Homeschool Math,04/03/2026 01:31:00 PM
8 Mathematics Problem Set Practice Worksheet,Teachers and parents love this Math worksheet for Math. Download and print instantly.,https://mathworksheetkidscanvas.github.io/html/8-mathematics-problem-set-practice-worksheet-5706.html,https://mathworksheetkidscanvas.github.io/images/8-mathematics-problem-set-practice-worksheet-5706.jpg,Kids Math Worksheets,04/03/2026 04:30:00 PM
Missing Number Math Worksheet,Fun and engaging Missing Number worksheet for Grade 1. Perfect printable math practice.,https://mathworksheetkidscanvas.github.io/html/missing-number-math-worksheet-2372.html,https://mathworksheetkidscanvas.github.io/images/missing-number-math-worksheet-2372.jpg,Elementary Math Activities,04/03/2026 08:25:00 PM
Mixed Operations Math Worksheet,Free printable Mixed Operations worksheet for Grade 3. Perfect for homeschool practice and classroom activities.,https://mathworksheetkidscanvas.github.io/html/mixed-operations-math-worksheet-2311.html,https://mathworksheetkidscanvas.github.io/images/mixed-operations-math-worksheet-2311.jpg,Math Practice Printables,04/04/2026 08:27:00 AM
Grade 1 Multiplication Practice Worksheet (29 Problems) - Part 92 | Printable Practice,Free printable Multiplication worksheet for Grade 1. Perfect for homeschool practice and classroom activities.,https://mathworksheetkidscanvas.github.io/html/grade-1-multiplication-practice-worksheet-29-problems-part-92-3745.html,https://mathworksheetkidscanvas.github.io/images/grade-1-multiplication-practice-worksheet-29-problems-part-92-3745.jpg,Elementary Math Activities,04/04/2026 11:00:00 AM
Free 20 Subtraction Math Worksheet For Grade 5 - Part 93 | Printable Practice,Free printable Subtraction worksheet for Grade 5. Perfect for homeschool practice and classroom activities.,https://mathworksheetkidscanvas.github.io/html/free-20-subtraction-math-worksheet-for-grade-5-part-93-6307.html,https://mathworksheetkidscanvas.github.io/images/free-20-subtraction-math-worksheet-for-grade-5-part-93-6307.jpg,Kids Math Worksheets,04/04/2026 01:34:00 PM
Printable 10 Times Table Worksheet For Grade 3 - Part 94 | Printable Practice,Help kids master Times Table with this printable worksheet for Grade 3. Great for daily math practice.,https://mathworksheetkidscanvas.github.io/html/printable-10-times-table-worksheet-for-grade-3-part-94-4776.html,https://mathworksheetkidscanvas.github.io/images/printable-10-times-table-worksheet-for-grade-3-part-94-4776.jpg,Printable Worksheets,04/04/2026 04:35:00 PM
Printable Tracing Worksheet For Kids - Part 95 | Free Printable,Help kids master Tracing with this printable worksheet for Preschool. Great for daily math practice.,https://mathworksheetkidscanvas.github.io/html/printable-tracing-worksheet-for-kids-part-95-3233.html,https://mathworksheetkidscanvas.github.io/images/printable-tracing-worksheet-for-kids-part-95-3233.jpg,Kids Math Worksheets,04/04/2026 08:38:00 PM
Math Word Problem Worksheet,Printable Word Problem worksheet designed for Grade 3 students. Easy and fun math practice.,https://mathworksheetkidscanvas.github.io/html/math-word-problem-worksheet-1754.html,https://mathworksheetkidscanvas.github.io/images/math-word-problem-worksheet-1754.jpg,Kids Math Worksheets,04/05/2026 08:32:00 AM
Grade 3 Addition Practice Worksheet (15 Problems) - Part 97 | Printable Practice,Help kids master Addition with this printable worksheet for Grade 3. Great for daily math practice.,https://mathworksheetkidscanvas.github.io/html/grade-3-addition-practice-worksheet-15-problems-part-97-5843.html,https://mathworksheetkidscanvas.github.io/images/grade-3-addition-practice-worksheet-15-problems-part-97-5843.jpg,Printable Worksheets,04/05/2026 11:00:00 AM
Kindergarten Count and Color Shapes Worksheet,Printable Count and Color worksheet designed for Kindergarten students. Easy and fun math practice.,https://mathworksheetkidscanvas.github.io/html/kindergarten-count-and-color-shapes-worksheet-9022.html,https://mathworksheetkidscanvas.github.io/images/kindergarten-count-and-color-shapes-worksheet-9022.jpg,Printable Worksheets,04/05/2026 01:35:00 PM
Free Counting Objects Worksheet For Kindergarten Printable - Part 99 | Printable Practice,Free printable Counting Objects worksheet for Kindergarten. Perfect for homeschool practice and classroom activities.,https://mathworksheetkidscanvas.github.io/html/free-counting-objects-worksheet-for-kindergarten-printable-part-99-8967.html,https://mathworksheetkidscanvas.github.io/images/free-counting-objects-worksheet-for-kindergarten-printable-part-99-8967.jpg,Homeschool Math,04/05/2026 04:30:00 PM
Printable Free 23 Division Math Worksheet For Grade 2 - Part 100 | Printable Practice,Printable Division worksheet designed for Grade 2 students. Easy and fun math practice.,https://mathworksheetkidscanvas.github.io/html/printable-free-23-division-math-worksheet-for-grade-2-part-100-3799.html,https://mathworksheetkidscanvas.github.io/images/printable-free-23-division-math-worksheet-for-grade-2-part-100-3799.jpg,Elementary Math Activities,04/05/2026 08:35:00 PM
4 Mathematics Practice for Study,Fun and engaging Math worksheet for Math. Perfect printable math practice.,https://mathworksheetkidscanvas.github.io/html/4-mathematics-practice-for-study-8831.html,https://mathworksheetkidscanvas.github.io/images/4-mathematics-practice-for-study-8831.jpg,Math Practice Printables,04/06/2026 08:24:00 AM
Missing Number Math Worksheet,Fun and engaging Missing Number worksheet for Grade 1. Perfect printable math practice.,https://mathworksheetkidscanvas.github.io/html/missing-number-math-worksheet-8042.html,https://mathworksheetkidscanvas.github.io/images/missing-number-math-worksheet-8042.jpg,Homeschool Math,04/06/2026 11:04:00 AM
Mixed Operations Math Worksheet,Fun and engaging Mixed Operations worksheet for Grade 3. Perfect printable math practice.,https://mathworksheetkidscanvas.github.io/html/mixed-operations-math-worksheet-9632.html,https://mathworksheetkidscanvas.github.io/images/mixed-operations-math-worksheet-9632.jpg,Printable Worksheets,04/06/2026 01:25:00 PM
Printable Free 26 Multiplication Math Worksheet For Grade 1 - Part 104 | Printable Practice,Teachers and parents love this Multiplication worksheet for Grade 1. Download and print instantly.,https://mathworksheetkidscanvas.github.io/html/printable-free-26-multiplication-math-worksheet-for-grade-1-part-104-4693.html,https://mathworksheetkidscanvas.github.io/images/printable-free-26-multiplication-math-worksheet-for-grade-1-part-104-4693.jpg,Math Practice Printables,04/06/2026 04:30:00 PM
Free 30 Subtraction Math Worksheet For Grade 2 - Part 105 | Printable Practice,Printable Subtraction worksheet designed for Grade 2 students. Easy and fun math practice.,https://mathworksheetkidscanvas.github.io/html/free-30-subtraction-math-worksheet-for-grade-2-part-105-9982.html,https://mathworksheetkidscanvas.github.io/images/free-30-subtraction-math-worksheet-for-grade-2-part-105-9982.jpg,Math Practice Printables,04/06/2026 08:24:00 PM
9 Times Table Worksheet For Grade 3 - Part 106 | Printable Practice,Help kids master Times Table with this printable worksheet for Grade 3. Great for daily math practice.,https://mathworksheetkidscanvas.github.io/html/9-times-table-worksheet-for-grade-3-part-106-9284.html,https://mathworksheetkidscanvas.github.io/images/9-times-table-worksheet-for-grade-3-part-106-9284.jpg,Printable Worksheets,04/07/2026 08:22:00 AM
Printable Tracing Worksheet For Kids - Part 107 | Free Printable,Help kids master Tracing with this printable worksheet for Kindergarten. Great for daily math practice.,https://mathworksheetkidscanvas.github.io/html/printable-tracing-worksheet-for-kids-part-107-1752.html,https://mathworksheetkidscanvas.github.io/images/printable-tracing-worksheet-for-kids-part-107-1752.jpg,Homeschool Math,04/07/2026 11:00:00 AM
Math Word Problem Worksheet,Free printable Word Problem worksheet for Grade 3. Perfect for homeschool practice and classroom activities.,https://mathworksheetkidscanvas.github.io/html/math-word-problem-worksheet-5736.html,https://mathworksheetkidscanvas.github.io/images/math-word-problem-worksheet-5736.jpg,Math Practice Printables,04/07/2026 01:22:00 PM
Free 20 Addition Math Worksheet For Grade 5 With Answers - Part 109 | Printable Practice,Free printable Addition worksheet for Grade 5. Perfect for homeschool practice and classroom activities.,https://mathworksheetkidscanvas.github.io/html/free-20-addition-math-worksheet-for-grade-5-with-answers-part-109-1516.html,https://mathworksheetkidscanvas.github.io/images/free-20-addition-math-worksheet-for-grade-5-with-answers-part-109-1516.jpg,Kids Math Worksheets,04/07/2026 04:32:00 PM
Fun Count and Color Objects Worksheet for Preschool,Fun and engaging Count and Color worksheet for Preschool. Perfect printable math practice.,https://mathworksheetkidscanvas.github.io/html/fun-count-and-color-objects-worksheet-for-preschool-2223.html,https://mathworksheetkidscanvas.github.io/images/fun-count-and-color-objects-worksheet-for-preschool-2223.jpg,Homeschool Math,04/07/2026 08:36:00 PM
Free Counting Objects Worksheet For Pre-K - Part 111 | Printable Practice,Fun and engaging Counting Objects worksheet for Pre-K. Perfect printable math practice.,https://mathworksheetkidscanvas.github.io/html/free-counting-objects-worksheet-for-pre-k-part-111-3457.html,https://mathworksheetkidscanvas.github.io/images/free-counting-objects-worksheet-for-pre-k-part-111-3457.jpg,Printable Worksheets,04/08/2026 08:22:00 AM
Printable Free 11 Division Math Worksheet For Grade 2 - Part 112 | Printable Practice,Help kids master Division with this printable worksheet for Grade 2. Great for daily math practice.,https://mathworksheetkidscanvas.github.io/html/printable-free-11-division-math-worksheet-for-grade-2-part-112-4090.html,https://mathworksheetkidscanvas.github.io/images/printable-free-11-division-math-worksheet-for-grade-2-part-112-4090.jpg,Elementary Math Activities,04/08/2026 11:06:00 AM
4 Math Quiz for Math Learners,Free printable Math worksheet for Math. Perfect for homeschool practice and classroom activities.,https://mathworksheetkidscanvas.github.io/html/4-math-quiz-for-math-learners-1315.html,https://mathworksheetkidscanvas.github.io/images/4-math-quiz-for-math-learners-1315.jpg,Homeschool Math,04/08/2026 01:33:00 PM
Missing Number Math Worksheet,Free printable Missing Number worksheet for Grade 1. Perfect for homeschool practice and classroom activities.,https://mathworksheetkidscanvas.github.io/html/missing-number-math-worksheet-3607.html,https://mathworksheetkidscanvas.github.io/images/missing-number-math-worksheet-3607.jpg,Homeschool Math,04/08/2026 04:28:00 PM
Mixed Operations Math Worksheet,Teachers and parents love this Mixed Operations worksheet for Grade 3. Download and print instantly.,https://mathworksheetkidscanvas.github.io/html/mixed-operations-math-worksheet-4929.html,https://mathworksheetkidscanvas.github.io/images/mixed-operations-math-worksheet-4929.jpg,Printable Worksheets,04/08/2026 08:36:00 PM
Grade 2 Multiplication Practice Worksheet (30 Problems) - Part 116 | Printable Practice,Free printable Multiplication worksheet for Grade 2. Perfect for homeschool practice and classroom activities.,https://mathworksheetkidscanvas.github.io/html/grade-2-multiplication-practice-worksheet-30-problems-part-116-7133.html,https://mathworksheetkidscanvas.github.io/images/grade-2-multiplication-practice-worksheet-30-problems-part-116-7133.jpg,Kids Math Worksheets,04/09/2026 08:31:00 AM
Free 24 Subtraction Math Worksheet For Grade 5 With Answers - Part 117 | Printable Practice,Free printable Subtraction worksheet for Grade 5. Perfect for homeschool practice and classroom activities.,https://mathworksheetkidscanvas.github.io/html/free-24-subtraction-math-worksheet-for-grade-5-with-answers-part-117-3056.html,https://mathworksheetkidscanvas.github.io/images/free-24-subtraction-math-worksheet-for-grade-5-with-answers-part-117-3056.jpg,Homeschool Math,04/09/2026 11:07:00 AM
8 Times Table Worksheet For Grade 3 With Answers - Part 118 | Printable Practice,Free printable Times Table worksheet for Grade 3. Perfect for homeschool practice and classroom activities.,https://mathworksheetkidscanvas.github.io/html/8-times-table-worksheet-for-grade-3-with-answers-part-118-3572.html,https://mathworksheetkidscanvas.github.io/images/8-times-table-worksheet-for-grade-3-with-answers-part-118-3572.jpg,Kids Math Worksheets,04/09/2026 01:24:00 PM
Printable Tracing Worksheet For Kids - Part 119 | Free Printable,Help kids master Tracing with this printable worksheet for Preschool. Great for daily math practice.,https://mathworksheetkidscanvas.github.io/html/printable-tracing-worksheet-for-kids-part-119-2606.html,https://mathworksheetkidscanvas.github.io/images/printable-tracing-worksheet-for-kids-part-119-2606.jpg,Elementary Math Activities,04/09/2026 04:26:00 PM
Math Word Problem Worksheet,Free printable Word Problem worksheet for Grade 3. Perfect for homeschool practice and classroom activities.,https://mathworksheetkidscanvas.github.io/html/math-word-problem-worksheet-5037.html,https://mathworksheetkidscanvas.github.io/images/math-word-problem-worksheet-5037.jpg,Math Practice Printables,04/09/2026 08:23:00 PM
Grade 1 Addition Practice Worksheet (24 Problems) - Part 121 | Printable Practice,Teachers and parents love this Addition worksheet for Grade 1. Download and print instantly.,https://mathworksheetkidscanvas.github.io/html/grade-1-addition-practice-worksheet-24-problems-part-121-9319.html,https://mathworksheetkidscanvas.github.io/images/grade-1-addition-practice-worksheet-24-problems-part-121-9319.jpg,Printable Worksheets,04/10/2026 08:29:00 AM
Printable Count and Color Worksheet for Kindergarten Kids,Printable Count and Color worksheet designed for Kindergarten students. Easy and fun math practice.,https://mathworksheetkidscanvas.github.io/html/printable-count-and-color-worksheet-for-kindergarten-kids-8925.html,https://mathworksheetkidscanvas.github.io/images/printable-count-and-color-worksheet-for-kindergarten-kids-8925.jpg,Homeschool Math,04/10/2026 11:00:00 AM
Free Counting Objects Worksheet For Kindergarten Printable - Part 123 | Printable Practice,Free printable Counting Objects worksheet for Kindergarten. Perfect for homeschool practice and classroom activities.,https://mathworksheetkidscanvas.github.io/html/free-counting-objects-worksheet-for-kindergarten-printable-part-123-7089.html,https://mathworksheetkidscanvas.github.io/images/free-counting-objects-worksheet-for-kindergarten-printable-part-123-7089.jpg,Homeschool Math,04/10/2026 01:26:00 PM
Free 14 Division Math Worksheet For Grade 2 With Answers - Part 124 | Printable Practice,Free printable Division worksheet for Grade 2. Perfect for homeschool practice and classroom activities.,https://mathworksheetkidscanvas.github.io/html/free-14-division-math-worksheet-for-grade-2-with-answers-part-124-2185.html,https://mathworksheetkidscanvas.github.io/images/free-14-division-math-worksheet-for-grade-2-with-answers-part-124-2185.jpg,Printable Worksheets,04/10/2026 04:37:00 PM
Advanced Math Trivia for Students (8 Questions),Fun and engaging Math worksheet for Math. Perfect printable math practice.,https://mathworksheetkidscanvas.github.io/html/advanced-math-trivia-for-students-8-questions-7291.html,https://mathworksheetkidscanvas.github.io/images/advanced-math-trivia-for-students-8-questions-7291.jpg,Elementary Math Activities,04/10/2026 08:26:00 PM
Missing Number Math Worksheet,Free printable Missing Number worksheet for Grade 1. Perfect for homeschool practice and classroom activities.,https://mathworksheetkidscanvas.github.io/html/missing-number-math-worksheet-7890.html,https://mathworksheetkidscanvas.github.io/images/missing-number-math-worksheet-7890.jpg,Homeschool Math,04/11/2026 08:25:00 AM
Mixed Operations Math Worksheet,Help kids master Mixed Operations with this printable worksheet for Grade 3. Great for daily math practice.,https://mathworksheetkidscanvas.github.io/html/mixed-operations-math-worksheet-9806.html,https://mathworksheetkidscanvas.github.io/images/mixed-operations-math-worksheet-9806.jpg,Kids Math Worksheets,04/11/2026 11:00:00 AM
Printable Free 10 Multiplication Math Worksheet For Grade 2 - Part 128 | Printable Practice,Teachers and parents love this Multiplication worksheet for Grade 2. Download and print instantly.,https://mathworksheetkidscanvas.github.io/html/printable-free-10-multiplication-math-worksheet-for-grade-2-part-128-3029.html,https://mathworksheetkidscanvas.github.io/images/printable-free-10-multiplication-math-worksheet-for-grade-2-part-128-3029.jpg,Kids Math Worksheets,04/11/2026 01:33:00 PM
Printable Free 20 Subtraction Math Worksheet For Grade 5 - Part 129 | Printable Practice,Teachers and parents love this Subtraction worksheet for Grade 5. Download and print instantly.,https://mathworksheetkidscanvas.github.io/html/printable-free-20-subtraction-math-worksheet-for-grade-5-part-129-7646.html,https://mathworksheetkidscanvas.github.io/images/printable-free-20-subtraction-math-worksheet-for-grade-5-part-129-7646.jpg,Printable Worksheets,04/11/2026 04:30:00 PM
Printable 4 Times Table Worksheet For Grade 2 - Part 130 | Printable Practice,Fun and engaging Times Table worksheet for Grade 2. Perfect printable math practice.,https://mathworksheetkidscanvas.github.io/html/printable-4-times-table-worksheet-for-grade-2-part-130-5287.html,https://mathworksheetkidscanvas.github.io/images/printable-4-times-table-worksheet-for-grade-2-part-130-5287.jpg,Homeschool Math,04/11/2026 08:31:00 PM
Printable Tracing Worksheet For Kids - Part 131 | Free Printable,Free printable Tracing worksheet for Kindergarten. Perfect for homeschool practice and classroom activities.,https://mathworksheetkidscanvas.github.io/html/printable-tracing-worksheet-for-kids-part-131-7484.html,https://mathworksheetkidscanvas.github.io/images/printable-tracing-worksheet-for-kids-part-131-7484.jpg,Homeschool Math,04/12/2026 08:30:00 AM
Math Word Problem Worksheet,Fun and engaging Word Problem worksheet for Grade 3. Perfect printable math practice.,https://mathworksheetkidscanvas.github.io/html/math-word-problem-worksheet-8447.html,https://mathworksheetkidscanvas.github.io/images/math-word-problem-worksheet-8447.jpg,Homeschool Math,04/12/2026 11:06:00 AM
Printable Free 23 Addition Math Worksheet For Grade 5 - Part 133 | Printable Practice,Help kids master Addition with this printable worksheet for Grade 5. Great for daily math practice.,https://mathworksheetkidscanvas.github.io/html/printable-free-23-addition-math-worksheet-for-grade-5-part-133-1411.html,https://mathworksheetkidscanvas.github.io/images/printable-free-23-addition-math-worksheet-for-grade-5-part-133-1411.jpg,Elementary Math Activities,04/12/2026 01:25:00 PM
Fun Count and Color Objects Worksheet for Kindergarten,Printable Count and Color worksheet designed for Kindergarten students. Easy and fun math practice.,https://mathworksheetkidscanvas.github.io/html/fun-count-and-color-objects-worksheet-for-kindergarten-6981.html,https://mathworksheetkidscanvas.github.io/images/fun-count-and-color-objects-worksheet-for-kindergarten-6981.jpg,Printable Worksheets,04/12/2026 04:34:00 PM
Free Counting Objects Worksheet For Pre-K - Part 135 | Printable Practice,Printable Counting Objects worksheet designed for Pre-K students. Easy and fun math practice.,https://mathworksheetkidscanvas.github.io/html/free-counting-objects-worksheet-for-pre-k-part-135-9041.html,https://mathworksheetkidscanvas.github.io/images/free-counting-objects-worksheet-for-pre-k-part-135-9041.jpg,Kids Math Worksheets,04/12/2026 08:38:00 PM
Printable Free 23 Division Math Worksheet For Grade 2 - Part 136 | Printable Practice,Free printable Division worksheet for Grade 2. Perfect for homeschool practice and classroom activities.,https://mathworksheetkidscanvas.github.io/html/printable-free-23-division-math-worksheet-for-grade-2-part-136-9661.html,https://mathworksheetkidscanvas.github.io/images/printable-free-23-division-math-worksheet-for-grade-2-part-136-9661.jpg,Homeschool Math,04/13/2026 08:24:00 AM
General Knowledge Math Knowledge Test Training Worksheet for Teens,Printable Math worksheet designed for Math students. Easy and fun math practice.,https://mathworksheetkidscanvas.github.io/html/general-knowledge-math-knowledge-test-training-worksheet-for-teens-2685.html,https://mathworksheetkidscanvas.github.io/images/general-knowledge-math-knowledge-test-training-worksheet-for-teens-2685.jpg,Elementary Math Activities,04/13/2026 11:02:00 AM
Missing Number Math Worksheet,Free printable Missing Number worksheet for Grade 1. Perfect for homeschool practice and classroom activities.,https://mathworksheetkidscanvas.github.io/html/missing-number-math-worksheet-7022.html,https://mathworksheetkidscanvas.github.io/images/missing-number-math-worksheet-7022.jpg,Math Practice Printables,04/13/2026 01:32:00 PM
Mixed Operations Math Worksheet,Help kids master Mixed Operations with this printable worksheet for Grade 3. Great for daily math practice.,https://mathworksheetkidscanvas.github.io/html/mixed-operations-math-worksheet-4058.html,https://mathworksheetkidscanvas.github.io/images/mixed-operations-math-worksheet-4058.jpg,Printable Worksheets,04/13/2026 04:29:00 PM
Grade 2 Multiplication Practice Worksheet (10 Problems) - Part 140 | Printable Practice,Free printable Multiplication worksheet for Grade 2. Perfect for homeschool practice and classroom activities.,https://mathworksheetkidscanvas.github.io/html/grade-2-multiplication-practice-worksheet-10-problems-part-140-9066.html,https://mathworksheetkidscanvas.github.io/images/grade-2-multiplication-practice-worksheet-10-problems-part-140-9066.jpg,Printable Worksheets,04/13/2026 08:25:00 PM
Printable Free 22 Subtraction Math Worksheet For Grade 2 - Part 141 | Printable Practice,Fun and engaging Subtraction worksheet for Grade 2. Perfect printable math practice.,https://mathworksheetkidscanvas.github.io/html/printable-free-22-subtraction-math-worksheet-for-grade-2-part-141-9821.html,https://mathworksheetkidscanvas.github.io/images/printable-free-22-subtraction-math-worksheet-for-grade-2-part-141-9821.jpg,Kids Math Worksheets,04/14/2026 08:23:00 AM
Grade 2 Multiplication Table 5 Practice - Part 142 | Printable Practice,Fun and engaging Times Table worksheet for Grade 2. Perfect printable math practice.,https://mathworksheetkidscanvas.github.io/html/grade-2-multiplication-table-5-practice-part-142-2247.html,https://mathworksheetkidscanvas.github.io/images/grade-2-multiplication-table-5-practice-part-142-2247.jpg,Elementary Math Activities,04/14/2026 11:07:00 AM
Printable Tracing Worksheet For Kids - Part 143 | Free Printable,Free printable Tracing worksheet for Preschool. Perfect for homeschool practice and classroom activities.,https://mathworksheetkidscanvas.github.io/html/printable-tracing-worksheet-for-kids-part-143-3469.html,https://mathworksheetkidscanvas.github.io/images/printable-tracing-worksheet-for-kids-part-143-3469.jpg,Printable Worksheets,04/14/2026 01:25:00 PM
Math Word Problem Worksheet,Teachers and parents love this Word Problem worksheet for Grade 3. Download and print instantly.,https://mathworksheetkidscanvas.github.io/html/math-word-problem-worksheet-4688.html,https://mathworksheetkidscanvas.github.io/images/math-word-problem-worksheet-4688.jpg,Printable Worksheets,04/14/2026 04:36:00 PM
Printable Free 22 Addition Math Worksheet For Grade 3 - Part 145 | Printable Practice,Free printable Addition worksheet for Grade 3. Perfect for homeschool practice and classroom activities.,https://mathworksheetkidscanvas.github.io/html/printable-free-22-addition-math-worksheet-for-grade-3-part-145-6435.html,https://mathworksheetkidscanvas.github.io/images/printable-free-22-addition-math-worksheet-for-grade-3-part-145-6435.jpg,Kids Math Worksheets,04/14/2026 08:23:00 PM
Fun Count and Color Objects Worksheet for Kindergarten,Printable Count and Color worksheet designed for Kindergarten students. Easy and fun math practice.,https://mathworksheetkidscanvas.github.io/html/fun-count-and-color-objects-worksheet-for-kindergarten-6353.html,https://mathworksheetkidscanvas.github.io/images/fun-count-and-color-objects-worksheet-for-kindergarten-6353.jpg,Math Practice Printables,04/15/2026 08:35:00 AM
Free Counting Objects Worksheet For Kindergarten - Part 147 | Printable Practice,Free printable Counting Objects worksheet for Kindergarten. Perfect for homeschool practice and classroom activities.,https://mathworksheetkidscanvas.github.io/html/free-counting-objects-worksheet-for-kindergarten-part-147-2169.html,https://mathworksheetkidscanvas.github.io/images/free-counting-objects-worksheet-for-kindergarten-part-147-2169.jpg,Math Practice Printables,04/15/2026 11:08:00 AM
Printable Free 12 Division Math Worksheet For Grade 2 - Part 148 | Printable Practice,Help kids master Division with this printable worksheet for Grade 2. Great for daily math practice.,https://mathworksheetkidscanvas.github.io/html/printable-free-12-division-math-worksheet-for-grade-2-part-148-1973.html,https://mathworksheetkidscanvas.github.io/images/printable-free-12-division-math-worksheet-for-grade-2-part-148-1973.jpg,Homeschool Math,04/15/2026 01:35:00 PM
4 Math Knowledge Test Practice Worksheet,Fun and engaging Math worksheet for Math. Perfect printable math practice.,https://mathworksheetkidscanvas.github.io/html/4-math-knowledge-test-practice-worksheet-3244.html,https://mathworksheetkidscanvas.github.io/images/4-math-knowledge-test-practice-worksheet-3244.jpg,Printable Worksheets,04/15/2026 04:24:00 PM
Missing Number Math Worksheet,Help kids master Missing Number with this printable worksheet for Grade 1. Great for daily math practice.,https://mathworksheetkidscanvas.github.io/html/missing-number-math-worksheet-9266.html,https://mathworksheetkidscanvas.github.io/images/missing-number-math-worksheet-9266.jpg,Homeschool Math,04/15/2026 08:27:00 PM
Mixed Operations Math Worksheet,Printable Mixed Operations worksheet designed for Grade 3 students. Easy and fun math practice.,https://mathworksheetkidscanvas.github.io/html/mixed-operations-math-worksheet-7563.html,https://mathworksheetkidscanvas.github.io/images/mixed-operations-math-worksheet-7563.jpg,Homeschool Math,04/16/2026 08:37:00 AM
Free 27 Multiplication Math Worksheet For Grade 2 With Answers - Part 152 | Printable Practice,Free printable Multiplication worksheet for Grade 2. Perfect for homeschool practice and classroom activities.,https://mathworksheetkidscanvas.github.io/html/free-27-multiplication-math-worksheet-for-grade-2-with-answers-part-152-7689.html,https://mathworksheetkidscanvas.github.io/images/free-27-multiplication-math-worksheet-for-grade-2-with-answers-part-152-7689.jpg,Elementary Math Activities,04/16/2026 11:04:00 AM
Free 23 Subtraction Math Worksheet For Grade 3 With Answers - Part 153 | Printable Practice,Help kids master Subtraction with this printable worksheet for Grade 3. Great for daily math practice.,https://mathworksheetkidscanvas.github.io/html/free-23-subtraction-math-worksheet-for-grade-3-with-answers-part-153-8883.html,https://mathworksheetkidscanvas.github.io/images/free-23-subtraction-math-worksheet-for-grade-3-with-answers-part-153-8883.jpg,Homeschool Math,04/16/2026 01:23:00 PM
Printable 10 Times Table Worksheet For Grade 3 - Part 154 | Printable Practice,Help kids master Times Table with this printable worksheet for Grade 3. Great for daily math practice.,https://mathworksheetkidscanvas.github.io/html/printable-10-times-table-worksheet-for-grade-3-part-154-3907.html,https://mathworksheetkidscanvas.github.io/images/printable-10-times-table-worksheet-for-grade-3-part-154-3907.jpg,Homeschool Math,04/16/2026 04:35:00 PM
Printable Tracing Worksheet For Kids - Part 155 | Free Printable,Fun and engaging Tracing worksheet for Preschool. Perfect printable math practice.,https://mathworksheetkidscanvas.github.io/html/printable-tracing-worksheet-for-kids-part-155-9222.html,https://mathworksheetkidscanvas.github.io/images/printable-tracing-worksheet-for-kids-part-155-9222.jpg,Homeschool Math,04/16/2026 08:35:00 PM
Math Word Problem Worksheet,Help kids master Word Problem with this printable worksheet for Grade 3. Great for daily math practice.,https://mathworksheetkidscanvas.github.io/html/math-word-problem-worksheet-6686.html,https://mathworksheetkidscanvas.github.io/images/math-word-problem-worksheet-6686.jpg,Math Practice Printables,04/17/2026 08:38:00 AM
Grade 5 Addition Practice Worksheet (16 Problems) - Part 157 | Printable Practice,Free printable Addition worksheet for Grade 5. Perfect for homeschool practice and classroom activities.,https://mathworksheetkidscanvas.github.io/html/grade-5-addition-practice-worksheet-16-problems-part-157-8663.html,https://mathworksheetkidscanvas.github.io/images/grade-5-addition-practice-worksheet-16-problems-part-157-8663.jpg,Homeschool Math,04/17/2026 11:03:00 AM
5 Free Count and Color Worksheets for Preschool,Printable Count and Color worksheet designed for Preschool students. Easy and fun math practice.,https://mathworksheetkidscanvas.github.io/html/5-free-count-and-color-worksheets-for-preschool-5244.html,https://mathworksheetkidscanvas.github.io/images/5-free-count-and-color-worksheets-for-preschool-5244.jpg,Elementary Math Activities,04/17/2026 01:35:00 PM
Free Counting Objects Worksheet For Pre-K - Part 159 | Printable Practice,Fun and engaging Counting Objects worksheet for Pre-K. Perfect printable math practice.,https://mathworksheetkidscanvas.github.io/html/free-counting-objects-worksheet-for-pre-k-part-159-1245.html,https://mathworksheetkidscanvas.github.io/images/free-counting-objects-worksheet-for-pre-k-part-159-1245.jpg,Kids Math Worksheets,04/17/2026 04:32:00 PM
Free 22 Division Math Worksheet For Grade 2 - Part 160 | Printable Practice,Printable Division worksheet designed for Grade 2 students. Easy and fun math practice.,https://mathworksheetkidscanvas.github.io/html/free-22-division-math-worksheet-for-grade-2-part-160-2701.html,https://mathworksheetkidscanvas.github.io/images/free-22-division-math-worksheet-for-grade-2-part-160-2701.jpg,Homeschool Math,04/17/2026 08:22:00 PM
Advanced Math Skill Test Test Worksheet for Practice,Free printable Math worksheet for Math. Perfect for homeschool practice and classroom activities.,https://mathworksheetkidscanvas.github.io/html/advanced-math-skill-test-test-worksheet-for-practice-5941.html,https://mathworksheetkidscanvas.github.io/images/advanced-math-skill-test-test-worksheet-for-practice-5941.jpg,Math Practice Printables,04/18/2026 08:37:00 AM
Missing Number Math Worksheet,Printable Missing Number worksheet designed for Grade 1 students. Easy and fun math practice.,https://mathworksheetkidscanvas.github.io/html/missing-number-math-worksheet-5344.html,https://mathworksheetkidscanvas.github.io/images/missing-number-math-worksheet-5344.jpg,Math Practice Printables,04/18/2026 11:06:00 AM
Mixed Operations Math Worksheet,Free printable Mixed Operations worksheet for Grade 3. Perfect for homeschool practice and classroom activities.,https://mathworksheetkidscanvas.github.io/html/mixed-operations-math-worksheet-8562.html,https://mathworksheetkidscanvas.github.io/images/mixed-operations-math-worksheet-8562.jpg,Kids Math Worksheets,04/18/2026 01:28:00 PM
Free 19 Multiplication Math Worksheet For Grade 2 With Answers - Part 164 | Printable Practice,Fun and engaging Multiplication worksheet for Grade 2. Perfect printable math practice.,https://mathworksheetkidscanvas.github.io/html/free-19-multiplication-math-worksheet-for-grade-2-with-answers-part-164-4626.html,https://mathworksheetkidscanvas.github.io/images/free-19-multiplication-math-worksheet-for-grade-2-with-answers-part-164-4626.jpg,Math Practice Printables,04/18/2026 04:36:00 PM
Grade 3 Subtraction Practice Worksheet (10 Problems) - Part 165 | Printable Practice,Fun and engaging Subtraction worksheet for Grade 3. Perfect printable math practice.,https://mathworksheetkidscanvas.github.io/html/grade-3-subtraction-practice-worksheet-10-problems-part-165-6613.html,https://mathworksheetkidscanvas.github.io/images/grade-3-subtraction-practice-worksheet-10-problems-part-165-6613.jpg,Kids Math Worksheets,04/18/2026 08:26:00 PM
Printable 6 Times Table Worksheet For Grade 3 - Part 166 | Printable Practice,Printable Times Table worksheet designed for Grade 3 students. Easy and fun math practice.,https://mathworksheetkidscanvas.github.io/html/printable-6-times-table-worksheet-for-grade-3-part-166-4013.html,https://mathworksheetkidscanvas.github.io/images/printable-6-times-table-worksheet-for-grade-3-part-166-4013.jpg,Homeschool Math,04/19/2026 08:26:00 AM
Printable Tracing Worksheet For Kids - Part 167 | Free Printable,Printable Tracing worksheet designed for Kindergarten students. Easy and fun math practice.,https://mathworksheetkidscanvas.github.io/html/printable-tracing-worksheet-for-kids-part-167-4041.html,https://mathworksheetkidscanvas.github.io/images/printable-tracing-worksheet-for-kids-part-167-4041.jpg,Printable Worksheets,04/19/2026 11:00:00 AM
Math Word Problem Worksheet,Fun and engaging Word Problem worksheet for Grade 3. Perfect printable math practice.,https://mathworksheetkidscanvas.github.io/html/math-word-problem-worksheet-4912.html,https://mathworksheetkidscanvas.github.io/images/math-word-problem-worksheet-4912.jpg,Kids Math Worksheets,04/19/2026 01:36:00 PM
Free 12 Addition Math Worksheet For Grade 1 - Part 169 | Printable Practice,Free printable Addition worksheet for Grade 1. Perfect for homeschool practice and classroom activities.,https://mathworksheetkidscanvas.github.io/html/free-12-addition-math-worksheet-for-grade-1-part-169-9411.html,https://mathworksheetkidscanvas.github.io/images/free-12-addition-math-worksheet-for-grade-1-part-169-9411.jpg,Math Practice Printables,04/19/2026 04:30:00 PM
Free Preschool Count and Color Worksheet,Teachers and parents love this Count and Color worksheet for Preschool. Download and print instantly.,https://mathworksheetkidscanvas.github.io/html/free-preschool-count-and-color-worksheet-6685.html,https://mathworksheetkidscanvas.github.io/images/free-preschool-count-and-color-worksheet-6685.jpg,Kids Math Worksheets,04/19/2026 08:30:00 PM
Free Counting Objects Worksheet For Kindergarten - Part 171 | Printable Practice,Teachers and parents love this Counting Objects worksheet for Kindergarten. Download and print instantly.,https://mathworksheetkidscanvas.github.io/html/free-counting-objects-worksheet-for-kindergarten-part-171-7929.html,https://mathworksheetkidscanvas.github.io/images/free-counting-objects-worksheet-for-kindergarten-part-171-7929.jpg,Homeschool Math,04/20/2026 08:35:00 AM
Grade 2 Division Practice Worksheet (25 Problems) - Part 172 | Printable Practice,Free printable Division worksheet for Grade 2. Perfect for homeschool practice and classroom activities.,https://mathworksheetkidscanvas.github.io/html/grade-2-division-practice-worksheet-25-problems-part-172-1257.html,https://mathworksheetkidscanvas.github.io/images/grade-2-division-practice-worksheet-25-problems-part-172-1257.jpg,Homeschool Math,04/20/2026 11:03:00 AM
Challenging Math Challenge Worksheet (4 Questions),Free printable Math worksheet for Math. Perfect for homeschool practice and classroom activities.,https://mathworksheetkidscanvas.github.io/html/challenging-math-challenge-worksheet-4-questions-1887.html,https://mathworksheetkidscanvas.github.io/images/challenging-math-challenge-worksheet-4-questions-1887.jpg,Math Practice Printables,04/20/2026 01:31:00 PM
Missing Number Math Worksheet,Teachers and parents love this Missing Number worksheet for Grade 1. Download and print instantly.,https://mathworksheetkidscanvas.github.io/html/missing-number-math-worksheet-3664.html,https://mathworksheetkidscanvas.github.io/images/missing-number-math-worksheet-3664.jpg,Math Practice Printables,04/20/2026 04:29:00 PM
Mixed Operations Math Worksheet,Free printable Mixed Operations worksheet for Grade 3. Perfect for homeschool practice and classroom activities.,https://mathworksheetkidscanvas.github.io/html/mixed-operations-math-worksheet-8997.html,https://mathworksheetkidscanvas.github.io/images/mixed-operations-math-worksheet-8997.jpg,Elementary Math Activities,04/20/2026 08:36:00 PM
Free 29 Multiplication Math Worksheet For Grade 1 - Part 176 | Printable Practice,Printable Multiplication worksheet designed for Grade 1 students. Easy and fun math practice.,https://mathworksheetkidscanvas.github.io/html/free-29-multiplication-math-worksheet-for-grade-1-part-176-3011.html,https://mathworksheetkidscanvas.github.io/images/free-29-multiplication-math-worksheet-for-grade-1-part-176-3011.jpg,Homeschool Math,04/21/2026 08:31:00 AM
Free 27 Subtraction Math Worksheet For Grade 2 - Part 177 | Printable Practice,Printable Subtraction worksheet designed for Grade 2 students. Easy and fun math practice.,https://mathworksheetkidscanvas.github.io/html/free-27-subtraction-math-worksheet-for-grade-2-part-177-6154.html,https://mathworksheetkidscanvas.github.io/images/free-27-subtraction-math-worksheet-for-grade-2-part-177-6154.jpg,Elementary Math Activities,04/21/2026 11:00:00 AM
9 Times Table Worksheet For Grade 3 - Part 178 | Printable Practice,Teachers and parents love this Times Table worksheet for Grade 3. Download and print instantly.,https://mathworksheetkidscanvas.github.io/html/9-times-table-worksheet-for-grade-3-part-178-4800.html,https://mathworksheetkidscanvas.github.io/images/9-times-table-worksheet-for-grade-3-part-178-4800.jpg,Elementary Math Activities,04/21/2026 01:27:00 PM
Printable Tracing Worksheet For Kids - Part 179 | Free Printable,Printable Tracing worksheet designed for Kindergarten students. Easy and fun math practice.,https://mathworksheetkidscanvas.github.io/html/printable-tracing-worksheet-for-kids-part-179-6769.html,https://mathworksheetkidscanvas.github.io/images/printable-tracing-worksheet-for-kids-part-179-6769.jpg,Elementary Math Activities,04/21/2026 04:32:00 PM
Math Word Problem Worksheet,Fun and engaging Word Problem worksheet for Grade 3. Perfect printable math practice.,https://mathworksheetkidscanvas.github.io/html/math-word-problem-worksheet-3643.html,https://mathworksheetkidscanvas.github.io/images/math-word-problem-worksheet-3643.jpg,Elementary Math Activities,04/21/2026 08:31:00 PM
Printable Free 18 Addition Math Worksheet For Grade 1 - Part 181 | Printable Practice,Help kids master Addition with this printable worksheet for Grade 1. Great for daily math practice.,https://mathworksheetkidscanvas.github.io/html/printable-free-18-addition-math-worksheet-for-grade-1-part-181-8042.html,https://mathworksheetkidscanvas.github.io/images/printable-free-18-addition-math-worksheet-for-grade-1-part-181-8042.jpg,Homeschool Math,04/22/2026 08:29:00 AM
3 Free Count and Color Worksheets for Preschool,Teachers and parents love this Count and Color worksheet for Preschool. Download and print instantly.,https://mathworksheetkidscanvas.github.io/html/3-free-count-and-color-worksheets-for-preschool-7404.html,https://mathworksheetkidscanvas.github.io/images/3-free-count-and-color-worksheets-for-preschool-7404.jpg,Elementary Math Activities,04/22/2026 11:05:00 AM
Free Counting Objects Worksheet For Pre-K - Part 183 | Printable Practice,Fun and engaging Counting Objects worksheet for Pre-K. Perfect printable math practice.,https://mathworksheetkidscanvas.github.io/html/free-counting-objects-worksheet-for-pre-k-part-183-7374.html,https://mathworksheetkidscanvas.github.io/images/free-counting-objects-worksheet-for-pre-k-part-183-7374.jpg,Kids Math Worksheets,04/22/2026 01:34:00 PM
Free 16 Division Math Worksheet For Grade 1 With Answers - Part 184 | Printable Practice,Free printable Division worksheet for Grade 1. Perfect for homeschool practice and classroom activities.,https://mathworksheetkidscanvas.github.io/html/free-16-division-math-worksheet-for-grade-1-with-answers-part-184-9623.html,https://mathworksheetkidscanvas.github.io/images/free-16-division-math-worksheet-for-grade-1-with-answers-part-184-9623.jpg,Kids Math Worksheets,04/22/2026 04:26:00 PM
4 Math Skill Test Printable Worksheet for Students,Printable Math worksheet designed for Math students. Easy and fun math practice.,https://mathworksheetkidscanvas.github.io/html/4-math-skill-test-printable-worksheet-for-students-4541.html,https://mathworksheetkidscanvas.github.io/images/4-math-skill-test-printable-worksheet-for-students-4541.jpg,Homeschool Math,04/22/2026 08:37:00 PM
Missing Number Math Worksheet,Teachers and parents love this Missing Number worksheet for Grade 1. Download and print instantly.,https://mathworksheetkidscanvas.github.io/html/missing-number-math-worksheet-4326.html,https://mathworksheetkidscanvas.github.io/images/missing-number-math-worksheet-4326.jpg,Math Practice Printables,04/23/2026 08:31:00 AM
Mixed Operations Math Worksheet,Printable Mixed Operations worksheet designed for Grade 3 students. Easy and fun math practice.,https://mathworksheetkidscanvas.github.io/html/mixed-operations-math-worksheet-6561.html,https://mathworksheetkidscanvas.github.io/images/mixed-operations-math-worksheet-6561.jpg,Elementary Math Activities,04/23/2026 11:00:00 AM
Free 30 Multiplication Math Worksheet For Grade 2 With Answers - Part 188 | Printable Practice,Printable Multiplication worksheet designed for Grade 2 students. Easy and fun math practice.,https://mathworksheetkidscanvas.github.io/html/free-30-multiplication-math-worksheet-for-grade-2-with-answers-part-188-4289.html,https://mathworksheetkidscanvas.github.io/images/free-30-multiplication-math-worksheet-for-grade-2-with-answers-part-188-4289.jpg,Homeschool Math,04/23/2026 01:26:00 PM
Printable Free 26 Subtraction Math Worksheet For Grade 3 - Part 189 | Printable Practice,Teachers and parents love this Subtraction worksheet for Grade 3. Download and print instantly.,https://mathworksheetkidscanvas.github.io/html/printable-free-26-subtraction-math-worksheet-for-grade-3-part-189-5194.html,https://mathworksheetkidscanvas.github.io/images/printable-free-26-subtraction-math-worksheet-for-grade-3-part-189-5194.jpg,Homeschool Math,04/23/2026 04:27:00 PM
Grade 2 Multiplication Table 4 Practice - Part 190 | Printable Practice,Printable Times Table worksheet designed for Grade 2 students. Easy and fun math practice.,https://mathworksheetkidscanvas.github.io/html/grade-2-multiplication-table-4-practice-part-190-3916.html,https://mathworksheetkidscanvas.github.io/images/grade-2-multiplication-table-4-practice-part-190-3916.jpg,Kids Math Worksheets,04/23/2026 08:25:00 PM
Printable Tracing Worksheet For Kids - Part 191 | Free Printable,Fun and engaging Tracing worksheet for Preschool. Perfect printable math practice.,https://mathworksheetkidscanvas.github.io/html/printable-tracing-worksheet-for-kids-part-191-3907.html,https://mathworksheetkidscanvas.github.io/images/printable-tracing-worksheet-for-kids-part-191-3907.jpg,Math Practice Printables,04/24/2026 08:30:00 AM
Math Word Problem Worksheet,Printable Word Problem worksheet designed for Grade 3 students. Easy and fun math practice.,https://mathworksheetkidscanvas.github.io/html/math-word-problem-worksheet-3020.html,https://mathworksheetkidscanvas.github.io/images/math-word-problem-worksheet-3020.jpg,Elementary Math Activities,04/24/2026 11:00:00 AM
Grade 3 Addition Practice Worksheet (30 Problems) - Part 193 | Printable Practice,Help kids master Addition with this printable worksheet for Grade 3. Great for daily math practice.,https://mathworksheetkidscanvas.github.io/html/grade-3-addition-practice-worksheet-30-problems-part-193-5901.html,https://mathworksheetkidscanvas.github.io/images/grade-3-addition-practice-worksheet-30-problems-part-193-5901.jpg,Homeschool Math,04/24/2026 01:34:00 PM
Free Kindergarten Count and Color Worksheet,Printable Count and Color worksheet designed for Kindergarten students. Easy and fun math practice.,https://mathworksheetkidscanvas.github.io/html/free-kindergarten-count-and-color-worksheet-3438.html,https://mathworksheetkidscanvas.github.io/images/free-kindergarten-count-and-color-worksheet-3438.jpg,Homeschool Math,04/24/2026 04:34:00 PM
Free Counting Objects Worksheet For Kindergarten - Part 195 | Printable Practice,Fun and engaging Counting Objects worksheet for Kindergarten. Perfect printable math practice.,https://mathworksheetkidscanvas.github.io/html/free-counting-objects-worksheet-for-kindergarten-part-195-8514.html,https://mathworksheetkidscanvas.github.io/images/free-counting-objects-worksheet-for-kindergarten-part-195-8514.jpg,Elementary Math Activities,04/24/2026 08:38:00 PM
Grade 2 Division Practice Worksheet (27 Problems) - Part 196 | Printable Practice,Teachers and parents love this Division worksheet for Grade 2. Download and print instantly.,https://mathworksheetkidscanvas.github.io/html/grade-2-division-practice-worksheet-27-problems-part-196-5318.html,https://mathworksheetkidscanvas.github.io/images/grade-2-division-practice-worksheet-27-problems-part-196-5318.jpg,Elementary Math Activities,04/25/2026 08:22:00 AM
8 Math Knowledge Test Worksheet for Teens,Printable Math worksheet designed for Math students. Easy and fun math practice.,https://mathworksheetkidscanvas.github.io/html/8-math-knowledge-test-worksheet-for-teens-9731.html,https://mathworksheetkidscanvas.github.io/images/8-math-knowledge-test-worksheet-for-teens-9731.jpg,Kids Math Worksheets,04/25/2026 11:03:00 AM
Missing Number Math Worksheet,Teachers and parents love this Missing Number worksheet for Grade 1. Download and print instantly.,https://mathworksheetkidscanvas.github.io/html/missing-number-math-worksheet-2788.html,https://mathworksheetkidscanvas.github.io/images/missing-number-math-worksheet-2788.jpg,Math Practice Printables,04/25/2026 01:26:00 PM
Mixed Operations Math Worksheet,Free printable Mixed Operations worksheet for Grade 3. Perfect for homeschool practice and classroom activities.,https://mathworksheetkidscanvas.github.io/html/mixed-operations-math-worksheet-8798.html,https://mathworksheetkidscanvas.github.io/images/mixed-operations-math-worksheet-8798.jpg,Printable Worksheets,04/25/2026 04:29:00 PM
Free 17 Multiplication Math Worksheet For Grade 1 - Part 200 | Printable Practice,Teachers and parents love this Multiplication worksheet for Grade 1. Download and print instantly.,https://mathworksheetkidscanvas.github.io/html/free-17-multiplication-math-worksheet-for-grade-1-part-200-4546.html,https://mathworksheetkidscanvas.github.io/images/free-17-multiplication-math-worksheet-for-grade-1-part-200-4546.jpg,Elementary Math Activities,04/25/2026 08:28:00 PM
